STATE,COUNTY,POID,AICODE1,AICODE2,uniqID,ai1,ai2,eco_mid,eco_end,hhc_mid,hhc_end,hhnc_mid,hhnc_end
3,23,4001,9502,804208,3-23-4001,,,,,,,,
3,23,5001,9502,804208,3-23-5001,0.000119047628421,1.19047628421e-05,0.00410603020196,0.00205301510098,5.15375982881e-13,5.92682380313e-12,0.000482460526398,0.00130264342128
4,50,7001,9502,0000080,4-50-7001,0.1,0.1,8090400.68208,4045200.34104,2.37188438636,27.2766704431,0.736848745937,1.98949161403
