STATE,COUNTY,POID,AICODE1,AICODE2,uniqID,ai1,ai2,eco_mid,eco_end,hhc_mid,hhc_end,hhnc_mid,hhnc_end
3,23,4001,9502,804208,3-23-4001,,,,,,,,
3,23,5001,9502,804208,3-23-5001,0.000119047628421,1.19047628421e-05,0.00410603020196,0.00205301510098,5.15375982881e-13,5.92682380313e-12,8.87043630207e-11,2.39501780156e-10
4,50,7001,9502,0000080,4-50-7001,0.1,0.1,8.87524747737,4.43762373868,6.36223764498e-09,7.31657329172e-08,1.35475743765e-07,3.65784508165e-07
