STATE,COUNTY,POID,AICODE1,AICODE2,uniqID,ai1,ai2,eco_mid,eco_end,hhc_mid,hhc_end,hhnc_mid,hhnc_end
3,23,4001,9502,804208,3-23-4001,,,,,,,,
3,23,5001,9502,804208,3-23-5001,0.000119047628421,1.19047628421e-05,0.00410603020196,0.00205301510098,5.15375982881e-13,5.92682380313e-12,4.60841266427e-10,1.24427141935e-09
4,50,7001,9502,0000080,4-50-7001,0.1,0.1,40.9057686798,20.4528843399,1.48532925942e-07,1.70812864833e-06,7.03830242398e-07,1.90034165448e-06
