STATE,COUNTY,POID,CROPCODE,BHARVACR,BYIELD,BYLDUNIT,YIELD_2
3,23,5001,6,50.0,3.0,2,7620.345
3,23,9001,6,100.0,0.1,1,4.53592
3,23,10001,6,0.05,3.0,3,136.07775
3,23,9001,6,100.0,0.1,4,254.0
