STATE,COUNTY,POID,AICODE1,AICODE2,uniqID,ai1,ai2
3,23,4001,9502,804208,3-23-4001,,
3,23,5001,9502,804208,3-23-5001,0.000119047628421,1.19047628421e-05
4,50,7001,9502,0000080,4-50-7001,0.1,0.1
